Filename,Gaming1,Gaming2,Gaming3,Gaming4,Gaming5,Gaming6,Gaming7,Gaming8,Gaming9,Gaming10
11.2.3_A.txt,Gaming,Gaming,Gaming,Gaming,Gaming
10.1.3_A.txt,Gaming,Gaming,Gaming
08.3.4_B.txt,Genuine,Genuine,Gaming,Genuine,Genuine
11.2.3_B.txt,Gaming,Gaming,Gaming,Gaming,Gaming
09.1.1_A.txt,Gaming,Gaming,Gaming
11.2.1_A.txt,Gaming,Gaming,Gaming,Gaming,Gaming
11.3.2_B.txt,Genuine,Genuine,Gaming,Genuine
08.3.1_B.txt,Gaming,Gaming,Gaming,Genuine,Genuine
09.3.4_B.txt,Genuine,Genuine,Gaming,Genuine
10.1.2_A.txt,Gaming
08.3.2_B.txt,Genuine,Genuine,Gaming,Genuine
08.3.3_B.txt,Genuine,Genuine,Gaming,Gaming
10.1.3_B.txt,Gaming,Gaming,Gaming
10.1.4_A.txt,Gaming,Gaming,Gaming
11.1.4_A.txt,Gaming,Gaming,Gaming
11.1.3_A.txt,Gaming,Gaming,Gaming
11.1.2_A.txt,Gaming,Gaming,Gaming
11.1.1_A.txt,Gaming,Gaming,Gaming
11.2.3_C.txt,Gaming,Gaming,Gaming,Gaming,Gaming,Gaming
13.2.2_A.txt,Gaming,Gaming,Gaming,Gaming,Gaming
11.1.2_B.txt,Gaming,Gaming,Gaming
14.1.2_C.txt,Gaming,Gaming,Gaming
13.1.1_A.txt,Gaming,Gaming,Gaming
10.1.1_A.txt,Gaming,Gaming,Gaming
13.1.2_A.txt,Gaming,Gaming,Gaming
10.2.3_C.txt,Gaming,Gaming,Gaming,Gaming,Gaming,Gaming
11.1.4_B.txt,Gaming,Gaming,Gaming
10.2.4_C.txt,Gaming,Gaming,Gaming,Gaming,Gaming,Gaming,Gaming,Gaming
10.1.2_B.txt,Gaming,Gaming,Gaming
11.2.4_C.txt,Gaming,Gaming,Gaming,Gaming,Gaming,Gaming
11.2.4_A.txt,Gaming,Gaming,Gaming,Gaming,Gaming
09.2.3_A.txt,Gaming,Gaming,Gaming,Gaming,Gaming
11.2.1_C.txt,Gaming,Gaming,Gaming,Gaming,Gaming,Gaming,Gaming
10.2.1_C.txt,Gaming,Gaming,Gaming
11.2.2_C.txt,Gaming,Gaming,Gaming,Gaming,Gaming,Gaming
11.1.3_B.txt,Gaming,Gaming,Gaming
13.2.3_A.txt,Gaming,Gaming,Gaming,Gaming
13.1.4_A.txt,Gaming,Gaming,Gaming
11.2.2_A.txt,Gaming,Gaming,Gaming,Gaming,Gaming
10.1.4_B.txt,Gaming,Gaming,Gaming
09.2.3_B.txt,Gaming,Gaming,Gaming,Gaming
11.1.1_B.txt,Gaming,Gaming,Gaming
13.2.1_A.txt,Gaming,Gaming,Gaming,Gaming
13.2.3_C.txt,Gaming,Gaming,Gaming,Gaming,Gaming,Gaming
10.1.1_B.txt,Gaming,Gaming,Gaming
13.1.3_A.txt,Gaming,Gaming,Gaming
14.1.3_A.txt,Gaming,Gaming,Gaming
14.1.2_A.txt,Gaming,Gaming,Gaming
14.1.4_A.txt,Gaming,Gaming,Gaming
14.1.2_B.txt,Gaming,Gaming,Gaming
13.2.1_B.txt,Gaming,Gaming,Gaming,Gaming
10.2.3_A.txt,Gaming,Gaming,Gaming,Gaming,Gaming
13.1.1_B.txt,Gaming,Gaming,Gaming
09.1.3_A.txt,Gaming,Gaming,Gaming
14.1.1_A.txt,Gaming,Gaming,Gaming
13.1.4_B.txt,Gaming,Gaming,Gaming
13.1.3_B.txt,Gaming
08.3.4_A.txt,Genuine,Genuine,Gaming,Genuine
09.1.2_A.txt,Gaming,Gaming,Gaming
10.2.1_A.txt,Gaming,Gaming,Gaming,Gaming
11.2.4_B.txt,Gaming,Gaming,Gaming,Gaming
10.2.4_A.txt,Gaming,Gaming,Gaming,Gaming,Gaming,Gaming
11.4.4_A.txt,Genuine,Genuine,Gaming,Gaming,Gaming
13.2.1_C.txt,Gaming,Gaming,Gaming,Gaming,Gaming
10.2.2_C.txt,Gaming,Gaming,Gaming,Gaming,Gaming
09.1.4_B.txt,Gaming,Gaming,Gaming
13.1.4_C.txt,Gaming,Gaming,Gaming
14.1.4_B.txt,Gaming,Gaming,Gaming
14.1.3_B.txt,Gaming,Gaming,Gaming
09.1.3_B.txt,Gaming,Gaming,Gaming
09.1.2_B.txt,Gaming,Gaming,Gaming
13.2.2_B.txt,Gaming,Gaming,Gaming,Gaming
09.1.1_B.txt,Gaming,Gaming
14.1.1_B.txt,Gaming,Gaming,Gaming
11.1.3_C.txt,Gaming,Gaming,Gaming
13.2.3_B.txt,Gaming,Gaming,Gaming,Gaming
14.1.4_C.txt,Gaming,Gaming,Gaming
10.1.3_C.txt,Gaming,Gaming,Gaming
13.1.2_C.txt,Gaming,Gaming,Gaming
14.1.3_C.txt,Gaming,Gaming,Gaming
10.1.4_C.txt,Gaming,Gaming,Gaming
13.2.4_B.txt,Gaming,Gaming,Gaming,Gaming
14.1.1_C.txt,Gaming,Gaming,Gaming
19.4_C.txt,Genuine,Genuine,Genuine
13.1.3_C.txt,Gaming,Gaming,Gaming
11.4.2_A.txt,Genuine,Genuine,Gaming,Gaming,Gaming
11.4.1_C.txt,Genuine,Genuine,Gaming,Gaming,Gaming
10.4.2_A.txt,Genuine,Genuine,Gaming,Gaming,Gaming
08.4.2_A.txt,Genuine,Genuine,Gaming,Gaming,Gaming
11.1.2_C.txt,Gaming,Gaming,Gaming
10.4.2_C.txt,Genuine,Genuine,Gaming,Gaming,Gaming
02.3.4_B.txt,Genuine,Genuine,Gaming,Genuine
11.2.1_B.txt,Gaming,Gaming,Gaming,Gaming
10.4.2_B.txt,Genuine,Genuine,Gaming,Gaming,Gaming
13.1.1_C.txt,Gaming,Gaming,Gaming
11.4.2_C.txt,Genuine,Genuine,Gaming,Gaming,Gaming
09.1.1_C.txt,Gaming,Gaming,Gaming
16.4_A.txt,Genuine,Genuine,Genuine
10.4.3_A.txt,Genuine,Genuine,Gaming,Gaming,Gaming
16.1_A.txt,Genuine,Genuine,Genuine
17.4_C.txt,Gaming,Gaming,Gaming,Gaming,Gaming
11.1.4_C.txt,Gaming,Gaming,Gaming
11.3.4_B.txt,Genuine,Genuine,Gaming,Genuine
11.1.1_C.txt,Gaming,Gaming,Gaming
10.1.2_C.txt,Gaming,Gaming,Gaming
18.3_C.txt,1,2,3,4
19.1_A.txt,Gaming,Gaming,Genuine
10.1.1_C.txt,Gaming,Gaming,Gaming
09.1.4_C.txt,Gaming,Gaming,Gaming
17.4_B.txt,Gaming,Gaming,Gaming,Gaming
09.1.3_C.txt,Gaming,Gaming,Gaming
09.1.2_C.txt,Gaming,Gaming,Gaming
17.1_C.txt,Gaming,Gaming,Gaming,Gaming,Genuine
18.4_A.txt,Genuine,Genuine,Genuine,Genuine
09.3.2_B.txt,Genuine,Genuine,Gaming,Genuine
16.4_C.txt,Genuine,Genuine,Genuine,Genuine
16.3_C.txt,Genuine,Genuine,Genuine
10.2.2_A.txt,Gaming,Gaming,Gaming,Gaming,Gaming
18.1_A.txt,Genuine,Genuine,Genuine,Gaming
09.2.1_A.txt,Gaming,Gaming,Gaming,Gaming,Gaming
17.3_B.txt,Gaming,Gaming,Gaming,Gaming
10.4.1_B.txt,Genuine,Genuine,Gaming,Gaming,Gaming
18.1_C.txt,Genuine,Genuine,Genuine,Genuine,Genuine,Gaming,Gaming,Gaming,Gaming,Gaming
09.2.2_A.txt,Gaming,Gaming,Gaming,Gaming,Gaming
19.2_B.txt,Gaming,Gaming,Gaming
09.4.2_B.txt,Genuine,Genuine,Gaming,Gaming
10.4.3_B.txt,Genuine,Genuine,Gaming,Gaming,Gaming
09.4.2_A.txt,Genuine,Genuine,Gaming,Gaming,Gaming
09.4.3_B.txt,Genuine,Genuine,Gaming,Gaming,Gaming
10.4.4_A.txt,Genuine,Genuine,Gaming,Gaming,Gaming
09.4.3_A.txt,Genuine,Genuine,Gaming,Gaming,Gaming
09.4.2_C.txt,Genuine,Genuine,Gaming,Gaming,Gaming
14.2.3_A.txt,Gaming,Gaming,Gaming,Gaming
09.4.1_B.txt,Genuine,Genuine,Gaming,Gaming,Gaming
10.2.4_B.txt,Gaming,Gaming,Gaming,Gaming,Gaming
09.2.4_A.txt,Gaming,Gaming,Gaming,Gaming,Gaming
09.3.2_C.txt,Genuine,Genuine,Gaming,Genuine
09.3.4_C.txt,Genuine,Genuine,Gaming,Genuine,Genuine
09.3.2_A.txt,Genuine,Genuine,Gaming,Genuine
14.2.3_B.txt,Gaming,Gaming,Gaming,Gaming,Gaming
14.4.3_B.txt,Genuine,Genuine,Gaming,Gaming,Gaming
14.4.2_B.txt,Genuine,Genuine,Gaming,Gaming,Gaming
09.3.3_C.txt,Genuine,Genuine,Gaming,Genuine,Genuine
09.3.1_C.txt,Genuine,Genuine,Gaming,Genuine
09.3.4_A.txt,Genuine,Genuine,Gaming,Genuine
09.4.1_A.txt,Genuine,Genuine,Gaming,Gaming,Gaming
09.3.3_A.txt,Genuine,Genuine,Gaming,Genuine
09.2.3_C.txt,Gaming,Gaming,Gaming,Gaming
10.2.2_B.txt,Gaming,Gaming,Genuine,Gaming
09.2.2_B.txt,Gaming,Gaming,Gaming,Gaming,Gaming
11.4.3_B.txt,Genuine,Genuine,Gaming,Gaming,Gaming
11.4.3_A.txt,Genuine,Genuine,Gaming,Gaming,Gaming
10.3.2_C.txt,Genuine,Genuine,Gaming,Genuine
14.2.4_C.txt,Gaming,Gaming,Gaming,Genuine,Gaming,Gaming
09.2.4_B.txt,Gaming,Gaming,Gaming,Gaming
09.4.4_C.txt,Genuine,Genuine,Gaming,Gaming,Gaming
11.4.1_A.txt,Genuine,Genuine,Gaming,Gaming,Gaming
09.2.2_C.txt,Gaming,Gaming,Gaming,Gaming,Gaming
09.3.1_A.txt,Genuine,Genuine,Gaming,Genuine
09.4.4_B.txt,Genuine,Gaming,Gaming,Gaming
09.2.1_C.txt,Gaming,Gaming,Gaming,Gaming
10.3.2_A.txt,Genuine,Genuine,Gaming,Genuine
11.3.4_C.txt,Genuine,Genuine,Gaming,Genuine,Genuine
03.2.4_B.txt,Gaming,Gaming,Gaming,Gaming,Gaming
11.2.2_B.txt,Gaming,Gaming,Gaming,Gaming
10.2.1_B.txt,Gaming,Gaming,Gaming,Gaming,Gaming
13.4.2_A.txt,Genuine,Genuine,Gaming,Gaming,Gaming
14.2.3_C.txt,Gaming,Gaming,Gaming,Gaming,Gaming,Gaming,Gaming
08.3.1_A.txt,Genuine,Genuine,Gaming,Genuine
13.4.2_C.txt,Genuine,Genuine,Gaming,Gaming,Gaming
14.2.2_C.txt,Gaming,Gaming,Gaming,Gaming,Gaming,Gaming
14.2.1_C.txt,Gaming,Gaming,Gaming,Gaming,Gaming,Gaming
09.2.1_B.txt,Gaming,Gaming,Gaming,Gaming,Gaming
08.3.1_C.txt,Genuine,Genuine,Gaming,Genuine
09.2.4_C.txt,Gaming,Gaming,Gaming,Gaming,Gaming
10.4.3_C.txt,Genuine,Genuine,Gaming,Gaming,Gaming
13.2.4_A.txt,Gaming,Gaming,Gaming,Gaming,Gaming
14.2.4_A.txt,Gaming,Gaming,Gaming
13.4.3_B.txt,Genuine,Genuine,Gaming,Gaming,Gaming
14.2.4_B.txt,Gaming,Gaming,Gaming,Gaming
10.3.1_C.txt,Genuine,Genuine,Gaming,Genuine
14.2.2_A.txt,Gaming,Gaming,Gaming
13.2.4_C.txt,Gaming,Gaming,Gaming,Gaming,Gaming,Gaming
08.3.2_A.txt,Genuine,Genuine,Gaming,Genuine,Genuine
08.4.1_C.txt,Genuine,Genuine,Gaming,Gaming,Gaming
13.2.2_C.txt,Gaming,Gaming,Gaming,Gaming,Gaming
13.2.5_A.txt,Gaming,Gaming,Gaming,Gaming,Gaming
08.4.1_A.txt,Genuine,Genuine,Gaming,Gaming,Gaming
08.3.2_C.txt,Genuine,Genuine,Gaming,Genuine,Genuine
08.4.4_C.txt,Genuine,Genuine,Gaming,Gaming,Gaming
08.4.3_C.txt,Genuine,Genuine,Gaming,Gaming,Gaming
08.4.2_C.txt,Genuine,Genuine,Gaming,Gaming,Gaming
11.3.3_A.txt,Genuine,Genuine,Gaming,Genuine
14.3.2_A.txt,Genuine,Genuine,Gaming,Genuine
08.4.3_A.txt,Genuine,Genuine,Gaming,Gaming,Gaming
10.4.1_A.txt,Genuine,Genuine,Gaming,Gaming,Gaming
10.3.5_B.txt,Genuine,Genuine,Gaming,Genuine
14.2.1_A.txt,Gaming,Gaming,Gaming,Gaming
14.2.2_B.txt,Gaming,Gaming,Gaming,Gaming
14.2.1_B.txt,Gaming,Gaming,Gaming,Gaming
11.3.1_A.txt,Genuine,Genuine,Gaming,Genuine,Genuine
11.3.3_C.txt,Genuine,Genuine,Gaming,Genuine
13.3.2_A.txt,Genuine,Genuine,Gaming,Genuine
13.3.2_C.txt,Genuine,Genuine,Gaming,Genuine,Genuine
10.3.4_C.txt,Genuine,Genuine,Gaming,Genuine
10.3.4_A.txt,Genuine,Genuine,Gaming,Gaming
13.4.1_A.txt,Genuine,Genuine,Gaming,Gaming,Gaming
13.3.4_C.txt,Genuine,Genuine,Gaming,Genuine
13.4.4_B.txt,Genuine,Genuine,Gaming,Gaming,Gaming
10.3.3_A.txt,Genuine,Genuine,Gaming,Genuine
14.3.2_C.txt,Genuine,Genuine,Gaming,Genuine,Genuine
14.3.2_B.txt,Genuine,Genuine,Gaming,Genuine
10.4.4_C.txt,Genuine,Genuine,Gaming,Gaming,Gaming
11.4.4_C.txt,Genuine,Genuine,Gaming,Gaming,Gaming
08.4.4_A.txt,Genuine,Genuine,Gaming,Gaming,Gaming
10.3.3_C.txt,Genuine,Genuine,Gaming,Genuine,Genuine
09.4.4_A.txt,Genuine,Gaming,Gaming,Gaming
11.4.3_C.txt,Genuine,Genuine,Gaming,Gaming,Gaming
11.3.2_C.txt,Genuine,Genuine,Gaming,Genuine
13.4.1_C.txt,Genuine,Genuine,Gaming,Gaming,Gaming
13.4.3_A.txt,Genuine,Genuine,Gaming,Gaming,Gaming
11.3.1_C.txt,Genuine,Genuine,Gaming,Genuine
13.3.1_C.txt,Genuine,Genuine,Gaming,Genuine
10.3.1_A.txt,Genuine,Genuine,Gaming,Genuine
09.1.5_B.txt,Gaming,Gaming,Gaming
10.4.1_C.txt,Genuine,Genuine,Gaming,Gaming,Gaming
11.3.1_B.txt,Genuine,Genuine,Gaming,Genuine
14.3.5_B.txt,Genuine,Genuine,Gaming,Genuine,Genuine
09.4.1_C.txt,Genuine,Genuine,Gaming,Gaming,Gaming
08.4.4_B.txt,Genuine,Genuine,Gaming,Gaming,Gaming
10.3.5_A.txt,Genuine,Genuine,Gaming,Genuine
11.4.4_B.txt,Genuine,Genuine,Gaming,Gaming,Gaming
08.4.3_B.txt,Genuine,Genuine,Gaming,Gaming,Gaming
14.3.3_B.txt,Genuine,Genuine,Gaming,Genuine
13.4.4_C.txt,Genuine,Genuine,Gaming,Gaming,Gaming
14.3.4_C.txt,Genuine,Genuine,Gaming,Genuine
08.3.5_B.txt,Genuine,Genuine,Gaming,Genuine,Genuine
14.3.1_A.txt,Genuine,Genuine,Gaming,Genuine
08.4.2_B.txt,Genuine,Genuine,Gaming,Gaming,Gaming
11.4.2_B.txt,Genuine,Genuine,Gaming,Gaming,Gaming
13.4.3_C.txt,Genuine,Genuine,Gaming,Gaming,Gaming
13.4.4_A.txt,Genuine,Genuine,Gaming,Gaming,Gaming
11.3.3_B.txt,Genuine,Genuine,Gaming,Gaming
10.3.2_B.txt,Genuine,Genuine,Gaming,Genuine,Genuine
10.3.4_B.txt,Genuine,Genuine,Gaming,Genuine
11.3.5_B.txt,Genuine,Genuine,Gaming,Genuine
14.4.2_C.txt,Genuine,Genuine,Gaming,Gaming,Gaming
14.4.1_C.txt,Genuine,Genuine,Gaming,Gaming,Gaming
14.4.3_A.txt,Genuine,Genuine,Gaming,Gaming,Gaming
14.3.1_C.txt,Genuine,Genuine,Gaming,Genuine
10.3.1_B.txt,Genuine,Genuine,Gaming,Genuine
14.4.3_C.txt,Genuine,Genuine,Gaming,Gaming,Gaming
09.4.5_B.txt,Genuine,Genuine,Gaming,Gaming,Gaming
13.3.5_B.txt,Genuine,Genuine,Gaming,Genuine
13.3.1_A.txt,Genuine,Genuine,Gaming,Genuine,Genuine
14.3.3_A.txt,Genuine,Genuine,Gaming,Genuine
13.3.3_C.txt,Genuine,Genuine,Gaming,Genuine
14.3.4_B.txt,Genuine,Genuine,Gaming,Genuine
14.3.1_B.txt,Genuine,Genuine,Gaming,Gaming,Gaming
14.4.4_C.txt,Genuine,Genuine,Gaming,Gaming,Gaming
09.4.5_C.txt,Genuine,Genuine,Gaming,Gaming,Gaming
13.4.1_B.txt,Genuine,Genuine,Gaming,Gaming,Gaming
16.1_B.txt,Genuine,Genuine,Genuine
14.4.2_A.txt,Genuine,Genuine,Gaming,Gaming,Gaming
14.4.4_A.txt,Genuine,Genuine,Gaming,Gaming,Gaming
08.4.1_B.txt,Genuine,Genuine,Gaming,Gaming,Gaming
10.3.5_C.txt,Genuine,Genuine,Gaming,Genuine,Genuine
09.4.3_C.txt,Genuine,Gaming,Gaming,Gaming,Genuine
10.3.3_B.txt,Genuine,Genuine,Gaming,Genuine
13.3.4_A.txt,Genuine,Genuine,Gaming,Genuine
13.3.1_B.txt,Genuine,Genuine,Gaming,Genuine
13.3.3_A.txt,Genuine,Genuine,Gaming,Genuine
13.3.2_B.txt,Genuine,Genuine,Gaming,Genuine
14.3.3_C.txt,Genuine,Genuine,Gaming,Genuine
09.3.1_B.txt,Genuine,Genuine,Gaming,Genuine
13.3.4_B.txt,Genuine,Genuine,Gaming,Gaming
11.4.1_B.txt,Genuine,Genuine,Gaming,Gaming,Gaming
09.3.3_B.txt,Genuine,Genuine,Gaming,Genuine
14.4.4_B.txt,Genuine,Genuine,Gaming,Gaming,Gaming
11.3.4_A.txt,Genuine,Genuine,Gaming,Genuine
14.4.1_B.txt,Genuine,Genuine,Gaming,Gaming,Gaming
13.3.5_C.txt,Genuine,Genuine,Gaming,Genuine
13.3.3_B.txt,Genuine,Genuine,Gaming,Genuine
13.2.5_B.txt,Gaming,Gaming,Gaming,Gaming
19.5_B.txt,No,No,No
14.3.4_A.txt,Genuine,Genuine,Gaming,Genuine
10.2.5_A.txt,Gaming,Gaming,Gaming,Gaming,Gaming
18.3_A.txt,Genuine,Genuine,Genuine,Genuine
14.2.5_C.txt,Gaming,Gaming,Gaming,Gaming,Gaming
09.1.5_A.txt,Gaming,Gaming,Gaming
11.2.5_C.txt,Gaming,Gaming,Gaming,Gaming,Gaming
10.1.5_A.txt,Gaming
11.1.5_A.txt,Gaming,Gaming,Gaming
11.1.5_B.txt,Gaming,Gaming,Gaming
10.1.5_B.txt,Gaming,Gaming,Gaming
19.3_B.txt,Gaming
16.3_B.txt,Genuine,Genuine,Genuine
16.3_A.txt,Genuine,Genuine,Genuine
17.3_A.txt,Gaming,Gaming,Gaming
13.1.5_A.txt,Gaming,Gaming,Gaming
17.2_B.txt,Gaming,Gaming,Gaming
13.2.5_C.txt,Gaming,Gaming,Gaming,Gaming,Gaming
17.5_A.txt,Gaming,Gaming,Genuine
16.5_A.txt,Genuine,Genuine,Genuine
18.3_B.txt,Genuine,Genuine,Genuine,Gaming
13.1.5_B.txt,Gaming,Gaming,Gaming
11.2.5_A.txt,Gaming,Gaming,Gaming,Gaming,Gaming
19.5_C.txt,Genuine,Genuine,Genuine
11.3.5_A.txt,Genuine,Genuine,Gaming,Genuine
11.3.5_C.txt,Genuine,Genuine,Gaming,Genuine,Genuine
10.2.5_C.txt,Gaming,Gaming,Gaming,Gaming,Gaming
10.4.5_A.txt,Genuine,Genuine,Gaming,Gaming,Gaming
10.2.5_B.txt,Gaming,Gaming,Gaming,Gaming
08.3.4_C.txt,Genuine,Genuine,Gaming,Genuine,Genuine
14.4.5_B.txt,Genuine,Genuine,Gaming,Gaming,Gaming
14.1.5_C.txt,Gaming,Gaming,Gaming
09.2.5_C.txt,Gaming,Gaming,Gaming,Gaming
14.1.5_A.txt,Gaming,Gaming,Gaming
11.2.5_B.txt,Gaming,Gaming,Gaming,Gaming,Gaming
14.2.5_A.txt,Gaming,Gaming,Gaming,Gaming,Gaming
11.4.5_A.txt,Genuine,Genuine,Gaming,Gaming,Gaming
14.2.5_B.txt,Gaming,Gaming,Gaming,Gaming
16.1_C.txt,Genuine,Genuine,Genuine
16.2_A.txt,Genuine,Genuine,Genuine
08.3.3_A.txt,Genuine,Genuine,Gaming,Genuine
10.4.5_C.txt,Genuine,Genuine,Gaming,Gaming,Gaming
13.4.5_C.txt,Genuine,Genuine,Gaming,Gaming,Gaming
19.3_A.txt,Genuine,Genuine,Genuine
11.1.5_C.txt,Gaming,Gaming,Gaming
17.2_A.txt,Genuine,Genuine,Genuine,Genuine
13.1.5_C.txt,Gaming,Gaming,Gaming
19.3_C.txt,Genuine,Genuine,Genuine
19.5_A.txt,Genuine,Genuine,Genuine
17.3_C.txt,Gaming,Gaming,Gaming,Gaming,Genuine
11.4.5_B.txt,Genuine,Genuine,Gaming,Gaming,Gaming
18.5_A.txt,Genuine,Genuine,Genuine,Genuine,Genuine
09.2.5_A.txt,Gaming,Gaming,Gaming,Gaming,Gaming
09.3.5_A.txt,Genuine,Genuine,Gaming,Genuine
10.1.5_C.txt,Gaming,Gaming,Gaming
14.1.5_B.txt,Gaming,Gaming,Gaming
09.2.5_B.txt,Gaming,Gaming,Gaming,Gaming,Gaming
09.3.5_B.txt,Genuine,Genuine,Gaming,Genuine
14.3.5_C.txt,Genuine,Genuine,Gaming,Genuine
19.4_B.txt,Gaming,Gaming,Gaming
16.5_B.txt,Genuine,Genuine,Genuine
17.2_C.txt,Gaming,Gaming,Gaming,Genuine
13.3.5_A.txt,Genuine,Genuine,Gaming,Genuine
18.2_A.txt,Genuine,Genuine,Genuine,Genuine
13.4.5_A.txt,Genuine,Genuine,Gaming,Gaming,Gaming
09.1.5_C.txt,Gaming,Gaming,Gaming
08.3.3_C.txt,Genuine,Genuine,Gaming,Genuine
08.4.5_B.txt,Genuine,Genuine,Gaming,Gaming,Gaming
17.5_B.txt,Gaming,Gaming,Gaming,Gaming
17.4_A.txt,Gaming,Gaming,Gaming
16.2_B.txt,Genuine,Genuine,Genuine
17.1_A.txt,Genuine,Genuine,Genuine
18.4_B.txt,Genuine,Genuine,Genuine,Gaming
18.2_B.txt,Genuine,Gaming,Gaming,Gaming
16.4_B.txt,Genuine,Genuine,Genuine
10.4.5_B.txt,Genuine,Genuine,Gaming,Gaming,Gaming
18.5_C.txt,Genuine,Gaming,Gaming,Gaming,Gaming
08.4.5_A.txt,Genuine,Genuine,Gaming,Gaming,Gaming
18.1_B.txt,Gaming,Gaming,Gaming,Gaming
18.4_C.txt,Genuine,Genuine,Genuine,Genuine,Genuine
19.4_A.txt,Gaming,Gaming,Gaming
14.4.5_C.txt,Genuine,Genuine,Gaming,Gaming,Gaming
13.4.5_B.txt,Genuine,Genuine,Gaming,Gaming,Gaming
17.1_B.txt,Gaming,Gaming,Gaming
16.5_C.txt,Genuine,Genuine,Genuine,Genuine
16.2_C.txt,Genuine,Genuine,Genuine,Genuine
19.2_A.txt,Gaming,Gaming
19.2_C.txt,Genuine,Genuine,Genuine,Genuine
19.1_C.txt,Genuine,Genuine,Genuine
17.5_C.txt,Gaming,Gaming,Gaming,Genuine
19.1_B.txt,Gaming,Gaming,Gaming
08.3.5_C.txt,Genuine,Genuine,Gaming,Genuine,Genuine
11.4.5_C.txt,Genuine,Genuine,Gaming,Gaming,Gaming
09.3.5_C.txt,Genuine,Genuine,Gaming,Genuine,Genuine
14.4.5_A.txt,Genuine,Genuine,Gaming,Gaming,Gaming
08.4.5_C.txt,Genuine,Genuine,Gaming,Gaming,Gaming
09.4.5_A.txt,Genuine,Genuine,Gaming,Gaming,Gaming
06.1.5_A.txt,Gaming,Gaming,Gaming
02.1.3_C.txt,Gaming,Gaming,Gaming
06.1.3_C.txt,Gaming,Gaming,Gaming
07.2.3_C.txt,Gaming,Gaming,Gaming,Gaming,Gaming,Gaming,Gaming
03.3.1_A.txt,Genuine,Genuine,Gaming,Genuine
03.3.5_C.txt,Genuine,Genuine,Gaming,Genuine,Genuine
02.2.2_A.txt,Gaming,Gaming,Gaming,Gaming
07.3.3_B.txt,Genuine,Genuine,Gaming,Genuine,Genuine
03.4.4_B.txt,Genuine,Genuine,Gaming,Gaming,Gaming
05.2.2_A.txt,Gaming,Gaming,Gaming,Gaming
08.3.5_A.txt,Genuine,Genuine,Gaming,Genuine
14.3.5_A.txt,Genuine,Genuine,Gaming,Genuine
10.4.4_B.txt,Genuine,Genuine,Gaming,Gaming,Gaming
07.1.5_A.txt,Gaming,Gaming,Gaming
13.4.2_B.txt,Genuine,Genuine,Gaming,Gaming,Gaming
09.1.4_A.txt,Gaming
07.4.2_A.txt,Genuine,Genuine,Gaming,Gaming,Gaming
14.4.1_A.txt,Genuine,Genuine,Gaming,Gaming,Gaming
02.3.2_B.txt,Genuine,Genuine,Gaming,Genuine
18.2_C.txt,Genuine,Genuine,Genuine,Genuine,Genuine
05.3.3_C.txt,Genuine,Genuine,Gaming,Genuine
07.3.4_A.txt,Genuine,Genuine,Gaming,Genuine
01.3.1_B.txt,Genuine,Genuine,Gaming,Genuine,Genuine
18.5_B.txt,Genuine,Genuine,Genuine,Gaming
11.3.2_A.txt,Gaming,Gaming,Gaming,Genuine,Genuine,Genuine,Gaming,Genuine
03.1.2_A.txt,Gaming,Gaming,Gaming
03.1.2_B.txt,Gaming,Gaming,Gaming
05.1.3_B.txt,Gaming
01.1.1_A.txt,Gaming,Gaming,Gaming
03.1.3_B.txt,Gaming,Gaming,Gaming
01.1.1_B.txt,Gaming,Gaming,Gaming
02.1.3_A.txt,Gaming,Gaming,Gaming
02.1.4_A.txt,Gaming,Gaming,Gaming
05.1.3_A.txt,Gaming
01.1.4_A.txt,Gaming,Gaming,Gaming
02.1.2_A.txt,Gaming,Gaming,Gaming
06.1.2_A.txt,Gaming,Gaming,Gaming
05.1.2_A.txt,Gaming,Gaming,Gaming
03.1.4_A.txt,Gaming,Gaming,Gaming
03.1.3_A.txt,Gaming,Gaming,Gaming
06.1.4_A.txt,Gaming,Gaming,Gaming
06.1.3_A.txt,Gaming
02.1.3_B.txt,Gaming,Gaming,Gaming
05.1.2_B.txt,Gaming,Gaming,Gaming
02.1.4_B.txt,Gaming,Gaming,Gaming
01.1.3_A.txt,Gaming,Gaming,Gaming
06.1.1_A.txt,Gaming,Gaming,Gaming
01.1.2_A.txt,Gaming,Gaming,Gaming
02.1.1_A.txt,Gaming,Gaming,Gaming
05.1.4_A.txt,Gaming,Gaming,Gaming
01.1.5_A.txt,Gaming,Gaming,Gaming
05.1.1_B.txt,Gaming
01.1.4_B.txt,Gaming,Gaming,Gaming
01.1.1_C.txt,Gaming,Gaming,Gaming
02.1.2_B.txt,Gaming,Gaming,Gaming
06.1.3_B.txt,Gaming,Gaming,Gaming
03.1.1_A.txt,Gaming,Gaming,Gaming
07.1.3_A.txt,Gaming,Gaming,Gaming
03.1.4_B.txt,Gaming,Gaming,Gaming
07.1.2_A.txt,Gaming,Gaming,Gaming
06.1.4_B.txt,Gaming,Gaming,Gaming
03.2.4_C.txt,Gaming,Gaming,Gaming,Gaming,Gaming,Gaming
07.1.2_B.txt,Gaming,Gaming,Gaming
01.1.2_B.txt,Gaming,Gaming,Gaming
06.1.1_B.txt,Gaming,Gaming,Gaming
08.1.2_A.txt,Gaming,Gaming,Gaming
05.2.1_A.txt,Gaming,Gaming,Gaming,Gaming
03.1.1_B.txt,Gaming,Gaming,Gaming
05.1.1_A.txt,Gaming,Gaming,Gaming
01.1.2_C.txt,Gaming,Gaming,Gaming
01.1.3_B.txt,Gaming,Gaming,Gaming
07.1.4_A.txt,Gaming,Gaming,Gaming
07.1.3_B.txt,Gaming,Gaming,Gaming
07.1.1_A.txt,Gaming
01.1.3_C.txt,Gaming,Gaming,Gaming
08.1.3_A.txt,Gaming,Gaming,Gaming
06.1.2_B.txt,Gaming,Gaming,Gaming
07.1.1_B.txt,Gaming,Gaming,Gaming
08.1.3_B.txt,Gaming,Gaming,Gaming
08.1.4_A.txt,Gaming,Gaming,Gaming
06.2.2_A.txt,Gaming,Gaming,Gaming,Gaming
01.1.4_C.txt,Gaming,Gaming,Gaming
08.1.4_B.txt,Gaming,Gaming,Gaming
08.1.1_A.txt,Gaming
08.1.2_B.txt,Gaming,Gaming,Gaming
08.1.1_B.txt,Gaming,Gaming,Gaming
02.1.1_B.txt,Gaming,Gaming,Gaming
05.1.4_B.txt,Gaming,Gaming,Gaming
07.1.4_B.txt,Gaming,Gaming,Gaming
13.1.2_B.txt,Gaming
05.2.3_B.txt,Gaming,Gaming,Gaming,Gaming,Gaming
05.2.4_C.txt,Gaming,Gaming,Gaming,Gaming
05.2.3_C.txt,Gaming,Gaming,Gaming,Gaming,Gaming
06.2.3_A.txt,Gaming,Gaming,Gaming,Gaming,Gaming,Gaming
07.2.3_B.txt,Gaming,Gaming,Gaming,Gaming
06.2.4_A.txt,Gaming,Gaming,Gaming,Gaming
02.1.4_C.txt,Gaming,Gaming,Gaming
05.2.2_C.txt,Gaming,Gaming,Gaming,Gaming,Gaming
07.2.4_C.txt,Gaming,Gaming,Gaming,Gaming,Gaming
06.2.3_B.txt,Gaming,Gaming,Gaming,Gaming
06.2.1_A.txt,Gaming,Gaming,Gaming,Gaming
05.2.1_C.txt,Gaming,Gaming,Gaming,Gaming,Gaming
03.2.4_A.txt,Gaming,Gaming,Gaming,Gaming
07.1.2_C.txt,Gaming,Gaming,Gaming
05.1.3_C.txt,Gaming,Gaming,Gaming
03.2.1_A.txt,Gaming,Gaming,Gaming,Gaming,Gaming
06.2.2_B.txt,Gaming,Gaming,Gaming,Gaming,Gaming
06.1.4_C.txt,Gaming,Gaming,Gaming
06.2.4_C.txt,Gaming,Gaming,Gaming,Gaming,Gaming
05.2.4_A.txt,Gaming,Gaming,Gaming,Gaming
05.2.3_A.txt,Gaming,Gaming,Gaming,Gaming
06.2.3_C.txt,Gaming,Gaming,Gaming,Gaming,Gaming,Gaming
08.2.3_A.txt,Gaming,Gaming,Gaming,Gaming
03.2.2_A.txt,Gaming,Gaming,Gaming,Gaming
03.1.4_C.txt,Gaming,Gaming,Gaming
05.2.4_B.txt,Gaming,Gaming,Gaming,Gaming
05.2.2_B.txt,Gaming,Gaming,Gaming,Gaming
03.2.1_B.txt,Gaming,Gaming,Gaming,Gaming
08.2.2_A.txt,Gaming,Gaming,Gaming,Gaming,Gaming
08.1.3_C.txt,Gaming,Gaming,Gaming
07.2.2_C.txt,Gaming,Gaming,Gaming,Gaming,Gaming,Gaming
05.1.1_C.txt,Gaming,Gaming,Gaming
07.2.1_A.txt,Gaming,Gaming,Gaming,Gaming
07.1.3_C.txt,Gaming,Gaming,Gaming
06.1.2_C.txt,Gaming,Gaming,Gaming
05.1.2_C.txt,Gaming,Gaming,Gaming
03.1.3_C.txt,Gaming,Gaming,Gaming
07.2.1_C.txt,Gaming,Gaming,Gaming,Gaming,Gaming,Gaming
08.2.3_B.txt,Gaming,Gaming,Gaming,Gaming,Gaming
07.2.3_A.txt,Gaming,Gaming,Gaming,Gaming,Gaming
08.2.1_C.txt,Gaming,Gaming,Gaming,Gaming,Gaming
07.2.2_A.txt,Gaming,Gaming,Gaming,Gaming,Gaming
07.1.4_C.txt,Gaming,Gaming,Gaming
06.2.4_B.txt,Gaming,Gaming,Gaming,Gaming
07.2.4_A.txt,Gaming,Gaming,Gaming,Gaming,Gaming
02.1.2_C.txt,Gaming,Gaming,Gaming
03.1.2_C.txt,Gaming,Gaming,Gaming
06.1.1_C.txt,Gaming,Gaming,Gaming
03.2.3_C.txt,Gaming,Gaming,Gaming,Gaming,Gaming
03.2.3_A.txt,Gaming,Gaming,Gaming,Gaming,Gaming,Gaming
03.2.2_C.txt,Gaming,Gaming,Gaming,Gaming
03.4.2_B.txt,Genuine,Genuine,Gaming,Gaming,Gaming
08.1.2_C.txt,Gaming,Gaming,Gaming
07.2.4_B.txt,Gaming,Gaming,Gaming,Gaming,Gaming
03.4.4_C.txt,Genuine,Genuine,Gaming,Gaming,Gaming
07.4.1_A.txt,Genuine,Genuine,Gaming,Gaming,Gaming
05.1.4_C.txt,Gaming,Gaming,Gaming
01.1.5_B.txt,Gaming,Gaming,Gaming
05.4.5_C.txt,Genuine,Genuine,Gaming,Gaming,Gaming
03.4.2_C.txt,Genuine,Genuine,Gaming,Gaming,Gaming
03.4.3_C.txt,Genuine,Genuine,Gaming,Gaming,Gaming
01.2.1_A.txt,Genuine,Genuine,Genuine,Gaming,Gaming
03.4.1_B.txt,Genuine,Genuine,Gaming,Gaming,Gaming
01.2.1_B.txt,Gaming,Gaming,Gaming,Gaming,Gaming
02.1.1_C.txt,Gaming,Gaming,Gaming
03.1.1_C.txt,Gaming,Gaming,Gaming
02.2.3_A.txt,Gaming,Gaming,Gaming,Gaming,Gaming
01.2.4_C.txt,Gaming,Gaming,Gaming,Gaming,Gaming,Gaming
02.4.2_B.txt,Genuine,Genuine,Gaming,Gaming,Gaming
02.4.3_B.txt,Genuine,Genuine,Gaming,Gaming,Gaming
01.2.3_C.txt,Gaming,Gaming,Gaming,Gaming,Gaming,Gaming,Gaming
01.2.2_C.txt,Gaming,Gaming,Gaming,Gaming,Gaming,Gaming,Gaming
01.2.1_C.txt,Gaming,Gaming,Gaming,Gaming,Gaming
02.2.1_A.txt,Gaming,Gaming,Gaming,Gaming,Gaming
02.2.4_C.txt,Gaming,Gaming,Gaming,Gaming,Gaming,Gaming
02.2.3_C.txt,Gaming,Gaming,Gaming,Gaming
02.2.2_C.txt,Gaming,Gaming,Gaming,Gaming,Gaming,Gaming
07.4.2_C.txt,Genuine,Genuine,Gaming,Gaming,Gaming
01.1.5_C.txt,Gaming,Gaming,Gaming
07.4.3_A.txt,Genuine,Genuine,Gaming,Gaming,Gaming
01.2.2_A.txt,Gaming,Gaming,Genuine,Gaming
02.2.1_C.txt,Gaming,Gaming,Gaming,Gaming,Gaming
02.4.3_A.txt,Genuine,Genuine,Gaming,Gaming,Gaming
01.2.4_A.txt,Gaming,Genuine,Gaming,Gaming,Gaming,Gaming
02.2.4_A.txt,Gaming,Gaming,Gaming,Gaming
02.4.1_B.txt,Genuine,Genuine,Gaming,Gaming,Gaming
02.4.1_C.txt,Genuine,Genuine,Gaming,Gaming,Gaming
01.4.2_B.txt,Genuine,Genuine,Gaming,Gaming,Gaming
01.2.3_A.txt,Genuine,Gaming,Genuine,Gaming,Gaming,Gaming
02.4.2_C.txt,1,2,3,4,5
01.2.4_B.txt,Gaming,Gaming,Gaming,Gaming
03.4.1_C.txt,Gaming,Genuine,Gaming,Gaming,Gaming,Gaming
01.2.3_B.txt,Gaming,Gaming,Gaming,Genuine,Gaming,Gaming
03.2.1_C.txt,Gaming,Gaming,Gaming,Gaming,Gaming,Gaming
07.2.1_B.txt,Gaming,Gaming,Gaming,Gaming
03.3.2_B.txt,Genuine,Genuine,Gaming,Genuine
02.3.2_A.txt,Genuine,Genuine,Gaming,Genuine
02.2.4_B.txt,Gaming,Gaming,Gaming,Gaming,Gaming
02.2.3_B.txt,Gaming,Gaming,Gaming,Gaming
02.2.2_B.txt,Gaming,Gaming,Gaming,Gaming
01.2.2_B.txt,Gaming,Gaming,Gaming,Gaming,Gaming,Gaming
06.2.1_B.txt,Gaming,Gaming,Gaming,Gaming,Gaming
03.2.3_B.txt,Gaming,Gaming,Gaming,Gaming
02.2.1_B.txt,Gaming,Gaming,Gaming,Gaming,Gaming,Gaming
08.1.4_C.txt,Gaming,Gaming,Gaming
05.4.2_B.txt,Genuine,Genuine,Gaming,Gaming,Gaming
08.2.4_A.txt,Gaming,Genuine,Gaming,Gaming,Gaming
08.1.1_C.txt,Gaming,Gaming,Gaming
08.1.5_C.txt,Gaming,Gaming,Gaming
08.2.4_C.txt,Gaming,Gaming,Gaming,Gaming,Gaming
08.2.3_C.txt,Gaming,Gaming,Gaming,Gaming,Gaming
07.1.1_C.txt,Gaming,Gaming,Gaming
05.4.2_A.txt,Genuine,Genuine,Gaming,Gaming,Gaming
08.2.2_B.txt,Gaming,Gaming,Gaming,Gaming
05.2.1_B.txt,Gaming,Gaming,Gaming,Gaming
03.3.2_A.txt,Genuine,Genuine,Gaming,Genuine
03.4.2_A.txt,Genuine,Genuine,Gaming,Gaming,Gaming
08.2.4_B.txt,Gaming,Genuine,Gaming,Gaming,Genuine
06.4.2_C.txt,Genuine,Genuine,Gaming,Gaming,Gaming
07.4.2_B.txt,Genuine,Genuine
01.2.5_A.txt,Gaming,Gaming,Gaming,Gaming
06.2.2_C.txt,Gaming,Gaming,Gaming,Gaming,Gaming,Gaming,Gaming
08.2.1_A.txt,Gaming,Gaming,Gaming,Gaming,Gaming
03.2.2_B.txt,Gaming,Gaming,Gaming,Gaming
01.4.1_C.txt,Genuine,Genuine,Gaming,Gaming,Gaming
07.4.4_B.txt,Genuine,Genuine,Gaming,Gaming,Gaming
06.2.1_C.txt,Gaming,Gaming,Gaming,Gaming,Gaming,Gaming
03.3.3_A.txt,Genuine,Genuine,Gaming,Genuine
03.3.4_B.txt,Genuine,Genuine,Gaming,Genuine
05.3.2_A.txt,Genuine,Genuine,Gaming,Genuine
03.3.4_A.txt,Genuine,Genuine,Gaming,Genuine
02.3.3_A.txt,Genuine,Genuine,Gaming,Genuine
01.4.4_C.txt,Genuine,Gaming,Gaming,Gaming,Gaming
01.4.3_C.txt,Genuine,Genuine,Gaming,Gaming,Gaming
01.4.2_C.txt,Genuine,Genuine,Gaming,Gaming,Gaming
02.3.1_A.txt,Genuine,Genuine,Gaming,Genuine
06.3.2_B.txt,Genuine,Gaming,Genuine,Genuine
07.4.5_A.txt,Genuine,Genuine,Gaming,Gaming,Gaming
01.4.4_A.txt,Genuine,Genuine,Gaming,Gaming,Gaming
05.3.2_B.txt,Genuine,Genuine,Gaming,Gaming
02.3.2_C.txt,Genuine,Gaming,Gaming
06.3.5_C.txt,Genuine,Genuine,Gaming,Genuine,Genuine
02.3.3_C.txt,Genuine,Genuine,Gaming,Gaming
03.4.3_A.txt,Genuine,Genuine,Gaming,Gaming,Gaming
03.4.4_A.txt,Genuine,Genuine,Gaming,Gaming,Gaming
05.3.4_B.txt,Genuine,Genuine,Gaming,Genuine
05.3.1_B.txt,Genuine,Genuine,Gaming,Gaming,Gaming
07.3.2_B.txt,Genuine,Genuine,Gaming,Genuine,Gaming
01.3.5_B.txt,Genuine,Genuine,Gaming,Gaming
03.3.1_C.txt,Genuine,Genuine,Gaming,Genuine
01.4.3_A.txt,Genuine,Genuine,Gaming,Gaming,Gaming
01.4.2_A.txt,Genuine,Genuine,Gaming,Gaming
02.3.4_C.txt,Genuine,Genuine,Gaming,Genuine
05.3.3_B.txt,Genuine,Genuine,Gaming,Genuine
02.4.4_C.txt,Genuine,Genuine,Gaming,Gaming,Gaming
02.3.1_C.txt,Genuine,Genuine,Gaming,Genuine
02.3.4_A.txt,Genuine,Genuine,Gaming,Gaming
03.4.1_A.txt,Genuine,Genuine,Gaming,Gaming,Gaming
06.3.2_A.txt,Genuine,Genuine,Gaming,Genuine
01.4.1_A.txt,Genuine,Genuine,Gaming,Gaming
02.4.1_A.txt,Genuine,Genuine,Gaming,Gaming
03.3.4_C.txt,Genuine,Genuine,Gaming,Genuine,Genuine
07.3.2_A.txt,Genuine,Genuine,Gaming,Genuine
02.3.3_B.txt,Genuine,Genuine,Gaming,Genuine
02.3.1_B.txt,Genuine,Genuine,Gaming,Genuine
07.2.2_B.txt,Gaming,Gaming,Gaming,Gaming
06.3.4_B.txt,Genuine,Genuine,Gaming,Gaming
03.4.3_B.txt,Genuine,Genuine,Gaming,Gaming,Gaming
03.3.5_A.txt,Genuine,Genuine,Gaming,Genuine,Genuine
08.2.2_C.txt,Gaming,Gaming,Gaming,Gaming,Gaming
01.3.1_A.txt,Genuine,Genuine,Gaming,Genuine,Genuine
10.2.3_B.txt,Gaming,Gaming,Gaming,Gaming,Gaming
03.3.3_B.txt,Genuine,Genuine,Gaming,Genuine
06.3.1_A.txt,Genuine,Genuine,Gaming,Gaming
03.3.1_B.txt,Genuine,Genuine,Gaming,Genuine
05.4.1_C.txt,Genuine,Genuine,Gaming,Gaming,Gaming
05.3.2_C.txt,Genuine,Genuine,Gaming,Genuine
06.3.1_C.txt,Genuine,Genuine,Gaming,Genuine
05.4.2_C.txt,Genuine,Gaming,Gaming,Gaming,Gaming
02.4.3_C.txt,Genuine,Genuine,Gaming,Gaming,Gaming
05.3.3_A.txt,Genuine,Genuine,Gaming,Gaming,Gaming
06.4.2_A.txt,Genuine,Genuine,Gaming,Gaming,Gaming
01.2.5_B.txt,Gaming,Gaming,Gaming,Gaming
01.4.4_B.txt,Genuine,Genuine,Gaming,Gaming,Gaming
06.4.1_C.txt,Genuine,Genuine,Gaming,Gaming,Gaming
05.3.1_A.txt,Genuine,Genuine,Gaming,Genuine
05.4.4_C.txt,Genuine,Genuine,Gaming,Gaming,Gaming
06.4.4_A.txt,Genuine,Genuine,Gaming,Gaming,Gaming
08.2.1_B.txt,Gaming,Gaming,Gaming,Gaming
05.4.3_C.txt,Genuine,Genuine,Gaming,Gaming,Gaming
06.4.4_C.txt,Genuine,Genuine,Gaming,Gaming,Gaming
05.3.4_C.txt,Genuine,Genuine,Gaming,Genuine,Genuine
06.4.1_A.txt,Genuine,Genuine,Gaming,Gaming
06.3.3_B.txt,Genuine,Genuine,Gaming,Genuine
06.3.4_C.txt,Genuine,Genuine,Gaming,Genuine,Genuine
05.4.3_A.txt,Genuine,Genuine,Gaming,Gaming,Gaming
06.3.3_C.txt,Genuine,Genuine,Gaming,Genuine,Genuine
06.3.2_C.txt,Genuine,Genuine,Gaming,Genuine
05.3.1_C.txt,Genuine,Genuine,Gaming,Genuine,Genuine
07.3.4_C.txt,Genuine,Genuine,Gaming,Genuine
06.3.4_A.txt,Genuine,Genuine,Gaming,Genuine
06.4.3_C.txt,Genuine,Genuine,Gaming,Gaming,Gaming
06.3.1_B.txt,Genuine,Genuine,Gaming,Genuine
02.3.5_C.txt,Genuine,Genuine,Gaming,Genuine,Genuine
01.2.5_C.txt,Gaming,Gaming,Gaming,Gaming,Gaming
07.3.3_C.txt,Genuine,Genuine,Gaming,Genuine
05.4.4_B.txt,Genuine,Genuine,Gaming,Gaming,Gaming
01.4.3_B.txt,Genuine,Genuine,Gaming,Gaming,Gaming
06.4.3_A.txt,Genuine,Genuine,Gaming,Gaming,Gaming
05.3.4_A.txt,Genuine,Genuine,Gaming,Gaming
05.4.1_A.txt,Genuine,Genuine,Gaming,Gaming,Gaming
03.2.5_B.txt,Gaming,Gaming,Gaming,Gaming,Gaming,Gaming
06.4.2_B.txt,Genuine,Genuine,Gaming,Gaming,Gaming
02.4.5_A.txt,Genuine,Genuine,Gaming,Gaming,Gaming
03.3.5_B.txt,Genuine,Genuine,Gaming,Genuine
01.4.1_B.txt,Genuine,Genuine,Gaming,Gaming,Gaming
07.4.4_C.txt,Genuine,Genuine,Gaming,Gaming,Gaming
07.3.2_C.txt,Genuine,Genuine,Gaming,Genuine,Genuine
07.3.4_B.txt,Genuine,Genuine,Gaming,Genuine
05.3.5_A.txt,Genuine,Genuine,Gaming,Genuine
05.4.3_B.txt,Genuine,Genuine,Gaming,Gaming,Gaming
05.4.4_A.txt,Genuine,Genuine,Gaming,Gaming,Gaming
03.2.5_C.txt,Gaming,Gaming,Gaming,Gaming
05.4.1_B.txt,Genuine,Genuine,Gaming,Gaming,Gaming
06.2.5_B.txt,Gaming,Gaming,Gaming,Gaming
07.3.1_C.txt,Genuine,Genuine,Gaming,Genuine,Genuine
06.3.5_A.txt,Genuine,Genuine,Gaming,Gaming
02.4.4_A.txt,Genuine,Genuine,Gaming,Gaming,Gaming
07.4.3_C.txt,Genuine,Genuine,Gaming,Gaming,Gaming
02.4.4_B.txt,Genuine,Genuine,Gaming,Gaming,Gaming
07.1.5_B.txt,Gaming,Gaming
06.4.3_B.txt,Genuine,Genuine,Genuine,Gaming,Gaming,Gaming
05.4.5_A.txt,Genuine,Genuine,Gaming,Gaming,Gaming
07.3.1_A.txt,Genuine,Genuine,Gaming,Genuine
07.3.5_B.txt,Genuine,Genuine,Gaming,Genuine,Genuine
05.3.5_C.txt,Genuine,Genuine,Gaming,Genuine,Genuine
07.3.3_A.txt,Gaming,Gaming,Gaming,Gaming
07.4.1_C.txt,Genuine,Genuine,Gaming,Gaming,Gaming
06.2.5_C.txt,Gaming,Gaming,Gaming,Gaming
01.3.1_C.txt,Genuine,Genuine,Gaming,Genuine,Genuine
06.3.3_A.txt,Genuine,Genuine,Gaming,Genuine
03.3.3_C.txt,Genuine,Genuine,Gaming,Genuine
07.2.5_C.txt,Gaming,Gaming,Gaming,Gaming,Gaming
03.4.5_A.txt,Genuine,Genuine,Gaming,Gaming,Gaming
01.3.2_A.txt,Genuine,Genuine,Gaming,Genuine
01.3.2_B.txt,Genuine,Genuine,Gaming,Gaming
07.4.3_B.txt,Genuine,Genuine,Gaming,Gaming,Gaming
03.1.5_C.txt,Gaming,Gaming,Gaming
03.3.2_C.txt,Genuine,Genuine,Gaming,Genuine
06.4.5_B.txt,Genuine,Genuine,Gaming,Gaming
01.3.2_C.txt,Genuine,Genuine,Gaming,Genuine,Genuine
05.3.5_B.txt,Genuine,Genuine,Gaming,Gaming,Gaming
02.4.2_A.txt,Genuine,Genuine,Gaming,Gaming,Gaming
01.3.3_A.txt,Genuine,Genuine,Gaming,Genuine
07.3.5_A.txt,Genuine,Genuine,Gaming,Genuine
01.3.3_C.txt,Genuine,Genuine,Gaming,Genuine,Genuine
01.3.4_C.txt,Genuine,Genuine,Gaming,Genuine
01.3.4_A.txt,Genuine,Genuine,Gaming,Genuine
02.1.5_B.txt,Gaming,Gaming,Gaming
05.1.5_C.txt,Gaming,Gaming,Gaming
05.2.5_C.txt,Gaming,Gaming,Gaming,Gaming
02.2.5_A.txt,Gaming,Gaming,Gaming,Gaming,Gaming
05.2.5_A.txt,Gaming,Gaming,Gaming,Gaming,Gaming
01.3.3_B.txt,Genuine,Genuine,Gaming,Genuine
01.3.4_B.txt,Genuine,Genuine,Gaming,Gaming,Gaming
07.3.1_B.txt,Genuine,Genuine,Gaming,Gaming
03.1.5_B.txt,Gaming,Gaming,Gaming
07.4.4_A.txt,Genuine,Gaming,Gaming,Gaming
06.3.5_B.txt,Genuine,Genuine,Gaming,Genuine
07.4.1_B.txt,Genuine,Genuine,Gaming,Gaming,Gaming
03.1.5_A.txt,Gaming,Gaming,Gaming
02.1.5_C.txt,Gaming,Gaming,Gaming
07.2.5_B.txt,Gaming,Gaming,Gaming,Gaming
05.1.5_A.txt,Gaming,Gaming,Gaming
05.1.5_B.txt,Gaming,Gaming,Gaming
06.4.4_B.txt,Genuine,Genuine,Gaming,Gaming,Gaming
07.3.5_C.txt,Genuine,Genuine,Gaming,Genuine
06.4.1_B.txt,Genuine,Genuine,Gaming,Gaming
02.1.5_A.txt,Gaming,Gaming,Gaming
03.4.5_B.txt,Genuine,Genuine,Gaming,Gaming,Gaming
07.1.5_C.txt,Gaming,Gaming,Gaming
06.1.5_C.txt,Gaming,Gaming,Gaming
02.2.5_C.txt,Gaming,Gaming,Gaming,Gaming
03.2.5_A.txt,Gaming,Gaming,Gaming,Gaming,Gaming
06.4.5_C.txt,Round 1,Round 2,Round 3,Round 4,Round 5
02.3.5_B.txt,Genuine,Genuine,Gaming,Genuine
08.1.5_A.txt,Gaming
06.2.5_A.txt,Gaming,Gaming,Gaming,Gaming,Gaming
07.4.5_C.txt,Genuine,Genuine,Gaming,Gaming,Gaming
08.2.5_C.txt,Gaming,Gaming,Gaming,Gaming,Gaming
06.1.5_B.txt,Gaming,Gaming,Gaming
01.3.5_C.txt,Genuine,Genuine,Gaming,Genuine,Genuine
05.2.5_B.txt,Gaming,Gaming,Gaming,Gaming,Gaming
02.4.5_C.txt,Genuine,Genuine,Gaming,Gaming,Gaming
02.4.5_B.txt,Genuine,Genuine,Gaming,Gaming,Gaming
02.2.5_B.txt,Gaming,Gaming,Gaming
07.2.5_A.txt,Gaming,Gaming,Gaming,Gaming
03.4.5_C.txt,Genuine,Genuine,Gaming,Gaming,Gaming
05.4.5_B.txt,Genuine,Genuine,Gaming
08.1.5_B.txt,Gaming,Gaming,Gaming
01.3.5_A.txt,Genuine,Genuine,Gaming,Genuine
01.4.5_B.txt,Genuine,Genuine,Gaming,Gaming,Gaming
07.4.5_B.txt,Genuine,Genuine,Gaming,Gaming,Gaming
01.4.5_C.txt,Genuine,Genuine,Gaming,Gaming,Gaming
02.3.5_A.txt,Genuine,Genuine,Gaming,Genuine,Genuine
08.2.5_A.txt,Gaming,Gaming,Gaming,Gaming,Gaming
01.4.5_A.txt,Genuine,Genuine,Gaming,Gaming,Gaming
08.2.5_B.txt,Gaming,Gaming,Gaming,Genuine,Gaming,Gaming
06.4.5_A.txt,Genuine,Genuine,Gaming,Gaming,Gaming
